actual,predict
0.5271614247645587,0.44021657
0.5394649328587391,0.39724275
0.49469978590955804,0.42554238
0.5556176152877385,0.47144327
0.5262721406419273,0.4090164
0.4060723921690733,0.5087487
0.6132586844884781,0.4291404
0.5375051848364184,0.43638507
0.5085055341849076,0.34028187
0.4530651608111846,0.45894426
0.5193289718980606,0.42799416
0.5027328976822817,0.45716617
0.5277110118056143,0.48093924
0.5130121021408756,0.4785364
0.5355673734600938,0.44762057
0.5641520984182855,0.43357286
0.4761482409104934,0.46114808
0.513216157486033,0.41914576
0.48823056394414244,0.42052224
0.49978262819146746,0.42526862
0.5429928247766828,0.45084634
0.5632140141625833,0.34583926
0.499804628895756,0.38213173
0.48559212787470635,0.46411595
0.5061337622526243,0.4026184
0.5440348130512329,0.45145148
0.4833710911187094,0.42051497
0.5425277551380191,0.45869556
0.5286269434707626,0.4847978
0.5037319531541903,0.4363752
0.5437292677588357,0.4755683
0.5570512999803728,0.46215606
0.42435230823829956,0.39752963
0.5081842823391589,0.42728022
0.5170207268539581,0.41511926
0.5226338414555408,0.48066837
0.521855920010527,0.37990582
0.5030943546146837,0.42799747
0.54812741009592,0.4245047
0.43981023424799204,0.4671594
0.5184073734469888,0.4239354
0.5733604596114569,0.4676176
0.4681858139654795,0.48247787
0.551898568529272,0.4433879
0.5218832580017473,0.4239541
0.5355176759254177,0.40041137
0.49817999967870236,0.42632812
0.5253381163561142,0.45985818
0.5174873355536836,0.48531142
0.549859573338169,0.39209
0.5150704549317872,0.44179425
0.4210256398420232,0.44566527
0.6030685989627078,0.4332567
0.5051268702748325,0.42949104
0.49523227297768485,0.43390235
0.4251893686144574,0.45108688
0.625470125483463,0.4577027
0.521465771241818,0.4040581
0.4685099737529069,0.42725238
0.5675587448020502,0.4483057
0.5315659524415906,0.46268705
0.48870473956091465,0.44915852
0.49170390347196063,0.44586858
0.49786658838695685,0.42787254
0.40135651905154457,0.4107752
0.5954748456494158,0.42346635
0.5850033785492164,0.43555495
0.5036148815049061,0.48079228
0.3978088828683226,0.40860784
0.557604544124927,0.54016757
0.6173546005579921,0.4480691
0.4862588269637461,0.43795517
0.5092288377385348,0.46602485
0.5001001171959633,0.4553535
0.5322734578497448,0.4393749
0.5431729190697491,0.499374
0.4818597179720074,0.40797603
0.5415053140573642,0.40682986
0.5115767939142616,0.48471555
0.5288860993798096,0.48219875
0.5251141435039653,0.41460148
0.4782701774140361,0.38805047
0.5423623339363766,0.4519376
0.5082337014634253,0.487285
0.4560517394358042,0.46041763
0.5936200896199114,0.4503241
0.4248847620465561,0.40309542
0.5691172337803091,0.44698277
0.5104811589299648,0.4295517
0.5568810392419592,0.4390048
0.5270918575126863,0.4547031
0.4212311819568645,0.39989907
0.5124596082233049,0.47196126
0.5853898510613758,0.41089353
0.5456670516261114,0.41993985
0.574723595118976,0.49310583
0.4908748799852964,0.4411663
0.5493204568220527,0.48309764
0.4392758716212718,0.47295818
0.4821260275566054,0.46871814
0.6329114732864749,0.45046848
0.36170196195009274,0.41899818
0.5595220121335099,0.46388575
0.40758601646483583,0.3892643
0.5932531085837874,0.45220214
0.5341996108687044,0.40706953
0.5563844649585717,0.44106808
0.4496680072371334,0.43445504
0.5313735941169555,0.45230594
0.542222465798058,0.4707686
0.5576595300659102,0.4434704
0.4522569270150984,0.4017147
0.45684239090258477,0.5107343
0.5707157118558024,0.4449893
0.5416035872622571,0.42430973
0.5017337976721875,0.4505001
0.5346763192311594,0.3938153
0.5146719136170783,0.43683302
0.5143612679131375,0.38974538
0.42692016304796876,0.45860747
0.6002297248622258,0.47589168
0.5539211628076222,0.46105638
0.46298500697590167,0.4293638
0.5376601522490707,0.47080746
0.4912872860698338,0.47319415
0.4949055339260177,0.42502835
0.644368591787627,0.42840478
0.5407598731571491,0.45322856
0.3716628738798785,0.42756167
0.5871526930263831,0.4399322
0.5706027869825655,0.4413015
0.5110056352919847,0.4669337
0.4976246889036298,0.41166115
0.48573491165184035,0.43842098
0.49659336998421,0.4734745
0.5573468818379278,0.4073676
0.4727597092036774,0.47506896
0.4866344922430302,0.43381578
0.4862197263885265,0.39172533
0.5092579243577727,0.41433457
0.5721817927549477,0.42818096
0.5312733050895773,0.41271093
0.509003186380898,0.48682237
0.5023002876449782,0.47946224
0.5849696626614846,0.42586416
0.4810275381366494,0.3891156
0.5091024280658042,0.50716716
0.4634396452703975,0.47872052
0.5449297754183747,0.45400098
0.49025171485480584,0.4569803
0.5482410118016099,0.42226174
0.4332374725015631,0.4440243
0.559161027889418,0.44113052
0.5074625337033035,0.5103865
0.5362120381417076,0.4358656
0.5129838823706262,0.42749107
0.5038610650144755,0.40938342
0.499473111126253,0.4757507
0.5707368628969665,0.44018167
0.5349382274669341,0.44165966
0.44150296248578585,0.44006723
0.5739710445174121,0.46241742
0.4517983076073506,0.49794367
0.5255824868702959,0.4967102
0.5459108221704243,0.4205678
0.49291561312202203,0.4659923
0.5513904541136352,0.4483861
0.5004904933983844,0.45401856
0.49776884446194236,0.39762825
0.5416136839893563,0.3920443
0.478416685804363,0.42537573
0.5222329332988742,0.47524038
0.5041215008864061,0.39735714
0.5264957310177668,0.47087434
0.5417854359495935,0.42836672
0.4790640772902618,0.46822804
0.5243777288271881,0.4189268
0.5078606228855189,0.3559109
0.5158529798672891,0.48070395
0.5163509752542202,0.4871407
0.533852095309611,0.44535074
0.5121360241956517,0.41236922
0.5384673584502618,0.43242985
0.4853292907018171,0.46426323
0.4488171236504036,0.47161195
0.5013964680737942,0.44086978
0.4730602103897789,0.4348733
0.4630294825154151,0.45879498
0.6268721394809286,0.4250835
0.6157633081193334,0.4046057
0.49211400800627464,0.42385083
0.5224867608878697,0.4344344
0.5328775434871869,0.47697803
0.4774280453033316,0.45048806
0.5901461263739802,0.36703864
0.4462492963679108,0.4735292
0.5089312670256756,0.4758729
0.5281531507689341,0.45785365
0.5222792462117664,0.39068133
0.480339774140748,0.40568474
0.5744001851710885,0.44655812
0.5210537794476492,0.4267452
0.42667351173826323,0.49180683
0.6048187960464019,0.45102575
0.5237849420576834,0.40524268
0.6073893316604669,0.41721275
0.38213890923599625,0.4526362
0.5070323158412807,0.44837382
0.5279270541481033,0.4923448
0.4773373801471169,0.42849523
0.5987933197015293,0.45927012
0.4703469927781534,0.42217693
0.4613006834924938,0.44024476
0.5944257126865956,0.47637063
0.483628691222062,0.41888556
0.4933221157727401,0.45984897
0.5536401307317715,0.44710335
0.5100165271586464,0.46573383
0.5080153623633287,0.43852958
0.5363892431184861,0.42473656
0.49217903519929507,0.53020793
0.5142565849397066,0.35780638
0.5353868895199058,0.47014847
0.5265851596178704,0.51242125
0.5633042233453469,0.45084378
0.42818661977105915,0.39211825
0.48276745066765603,0.48564568
0.5536167216009894,0.4680566
0.6759486242789503,0.43665218
0.4195343646940407,0.4367417
0.6474392455799688,0.4138432
0.41723403037640056,0.45363855
0.3578805157166943,0.47684544
0.6185895118328398,0.4288538
0.46203956269916924,0.38695857
0.5265471366538983,0.47817442
0.5610474734416191,0.44623926
0.5796229002060738,0.40627047
0.5159753518075102,0.4131846
0.47651719416691124,0.41855326
0.3796430457187017,0.47800916
0.5697621064364398,0.5279
0.5707808012412052,0.4411653
0.46406838252387606,0.49523285
0.5379937562801695,0.3829218
0.5248897745923111,0.4378206
0.5129656846382686,0.50076836
0.5210152856025426,0.5082759
0.49289150724334974,0.46787164
0.45253404408119113,0.432493
0.4676972808003542,0.45727152
0.5824392853837465,0.40140772
0.5194073898096444,0.39303407
0.6138955986395503,0.4508672
0.5195666022803086,0.48281842
0.597316101346491,0.47989306
0.562328752138734,0.46708784
0.5724639840219541,0.44204542
0.38702765663497185,0.435551
0.4605370797402759,0.468184
0.5163182644751958,0.47192875
0.5209252977230375,0.50182337
0.579149846468129,0.44877657
0.46070715573095006,0.4511915
0.5257158574529396,0.45980394
0.5063317284808496,0.44775325
0.5016855159877729,0.41759005
0.5375682451709661,0.43129447
0.4989627649525781,0.38931626
0.4568651856409377,0.4311617
0.44519843419725424,0.42491284
0.46403826377309243,0.4644727
0.5568903188671509,0.48609072
0.5234569884486208,0.4128936
0.6617654583477116,0.44009843
0.46894038924122805,0.44252878
0.49754656709442724,0.4737712
0.4783126576200039,0.4373375
0.5503966704274297,0.44783178
0.5101632364021267,0.46254012
0.5803091791003788,0.45151445
0.5804874278411907,0.5167596
0.6143106479776586,0.46694893
0.3037640061092535,0.47097173
0.5128384584314407,0.43112007
0.43996675960628717,0.46936935
0.5304883741337693,0.47552612
0.5615813167971687,0.39563778
0.5380306008179053,0.3787999
0.47421125682236664,0.46682414
0.5205786838438407,0.4186119
0.5141424830779778,0.38725734
0.5065205803989807,0.47115508
0.5630777264568134,0.44316038
0.46878696786181534,0.44110852
0.49092851635291423,0.44043845
0.5275403475765369,0.40481356
0.5578867721094244,0.48419604
0.4517524078241145,0.48696622
0.5890279234923151,0.47400275
0.50837098135591,0.50345665
0.48705708445533274,0.49002177
0.5114498928472442,0.38436076
0.44193579446125636,0.43073592
0.5078294683655428,0.43504784
0.4771845742021295,0.42188308
0.5150835809699648,0.48840654
0.47643649604914456,0.4803004
0.6284933070357905,0.40137103
0.5793181263106325,0.44917366
0.5491585501903264,0.4550501
0.4904388186304817,0.43380842
0.50864937459814,0.41517088
0.5156145568121561,0.42827886
0.5345960932045656,0.49918106
0.49596159729101064,0.4439604
0.573692274361115,0.48660067
0.4713680613810939,0.46357676
0.40342820238636107,0.46766755
0.6354618256789094,0.46930435
0.5563836847354637,0.44372514
0.38924376445937514,0.44524083
0.6236206235454834,0.39872223
0.447532563136112,0.42154893
0.46527607451870445,0.4944743
0.7351868063200218,0.41889575
0.49745843439966747,0.41194823
0.41085221814259626,0.44745696
0.5040360115076777,0.39706114
0.5594809934305806,0.4512571
0.48312192083739225,0.41926762
0.5257719436604825,0.39150125
0.585833445520034,0.409367
0.48588731308738936,0.45563355
0.4414471995272632,0.41925547
0.5055577177754217,0.5520747
0.5285535357320655,0.4437619
0.48348499341427487,0.416624
0.605077808018968,0.48854765
0.43877881942926195,0.4501125
0.5306782579475897,0.44158438
0.4216823208209549,0.42622408
0.5991679389600199,0.48322746
0.49660360937940734,0.4640692
0.5859541002700853,0.39441118
0.49049649257775996,0.45000327
0.5051159464006933,0.48407978
0.5145456308852032,0.46831962
0.4883332180472175,0.49375978
0.5672126395491704,0.4403645
0.5398872803240236,0.43182048
0.42299647282682845,0.49503985
0.5152316368307838,0.4629634
0.5805499973484343,0.44351572
0.5563247255570076,0.34019965
0.4753598052300834,0.4252587
0.5172044433141603,0.4861727
0.5164155880160527,0.45984447
0.5059851653197598,0.44610333
0.521640645251615,0.37298045
0.46377374021833384,0.42661116
0.5903334747870469,0.43563983
0.489430426685216,0.47492293
0.4839474053959222,0.47621945
0.5406299903738835,0.41013208
0.5366172128212406,0.37876073
0.5003858529252291,0.44374195
0.49529254337815637,0.4436514
0.519237759219477,0.4384693
0.5528707389212273,0.5044426
0.46704572408295614,0.37938586
0.5372520241052092,0.3867198
0.4940616679779166,0.40452927
0.5797643879183324,0.44207442
0.47526871001801785,0.47325215
0.42964961465858714,0.44300047
0.4730705282443274,0.4009972
0.5881421311184236,0.4048706
0.6112747721500456,0.42349905
0.46582218407523535,0.39415762
0.5591938280380627,0.45696953
0.582218830120179,0.44536427
0.42206484463386645,0.47884437
0.5079412695377842,0.4654689
0.5466012135879776,0.47469732
0.6391412917504212,0.43749973
0.45192798609041746,0.39917526
0.45634521744413997,0.45419386
0.4945955861083546,0.44840065
0.48490825854402203,0.43241224
0.530228708925907,0.49555627
0.5817613508337132,0.42433414
0.4694972223040387,0.40472916
0.5302973534349951,0.3894513
0.45767459302782887,0.42191613
0.5670874034109763,0.4502372
0.469737422311076,0.4445291
0.4847884594852533,0.41200814
0.5760987641620026,0.47411782
0.5068588420263777,0.41807967
0.4999964573800605,0.42601898
0.5129209920688694,0.41387087
0.5712226911646341,0.4492911
0.4986930407172962,0.40508083
0.5578910907279984,0.47892818
0.45119924008886636,0.4449295
0.47609912446256747,0.43290547
0.5419895842963625,0.44131866
0.5318446878247814,0.44655165
0.5603121096218759,0.44279522
0.49987294682976774,0.48589218
0.505365496497102,0.42743844
0.5551930329082241,0.45892426
0.48150759586143627,0.44521084
0.5369909562478355,0.44432035
0.5577407202194967,0.48471585
0.48536396291105105,0.4818472
0.4320923331701101,0.43651536
0.6622362142748559,0.4232354
0.48886198231864664,0.351162
0.4351406129447614,0.42319614
0.5804548480939256,0.4778675
0.5161909669989159,0.428795
0.4112812316997955,0.4615449
0.5682430907035896,0.38554314
0.4285452611788223,0.43840644
0.6054872739274828,0.4475238
0.4939668783374642,0.4900407
0.45539143256140147,0.45601067
0.6202728848461095,0.40627205
0.5123147557830905,0.4012076
0.5195394145069493,0.47890875
0.5372583210702002,0.45428303
0.47581515995534823,0.42898574
0.5592340986219788,0.5264198
0.4925729871636546,0.44576034
0.5078712309657355,0.46654695
0.4752781852905848,0.45330283
0.5741476232770096,0.40251124
0.4941522664990868,0.47104827
0.5162368223615658,0.44687483
0.4419158169893147,0.4834774
0.597834629586456,0.43513796
0.5555321653608408,0.38818076
0.5119929061576164,0.44256836
0.6325832804413022,0.43949595
0.4347614984207019,0.43825975
0.5068353702990512,0.46660846
0.49784809026644355,0.4623995
0.4371785923723143,0.47654438
0.5126985542378981,0.43631157
0.5028330942398553,0.43940866
0.5444291718228739,0.41356215
0.5439025331867767,0.46114615
0.5093238362737877,0.41044843
0.4613429425991048,0.4279879
0.46172033250307265,0.44575757
0.5514368817135086,0.498296
0.5402698430215928,0.42643136
0.47834901324065454,0.41958883
0.4533308998159902,0.42821303
0.5936986425322546,0.4731903
0.5349459427231698,0.46801463
0.4357046161641226,0.46008447
0.5785366835016457,0.44341978
0.4603093226599053,0.38903138
0.5688714352236139,0.45600924
0.36776815182906464,0.40036723
0.6659963186705775,0.46473184
0.6206365494799564,0.44396445
0.4135841068781252,0.43495917
0.46748811556946146,0.44746614
0.5507529130768676,0.44007975
0.5335193339371259,0.48045543
0.5476833546694769,0.40980405
0.5721126045324367,0.38785946
0.5005389458453785,0.4552652
0.4832203988043047,0.48838854
0.5171412978744433,0.46595687
0.475777047563783,0.41245472
0.5702492055774592,0.3489719
0.535348342351826,0.5088821
0.43373827918363334,0.39448985
0.5395662994518784,0.3876126
0.5274289552342882,0.4091736
0.6338078335659534,0.4509095
0.561138336535193,0.404385
0.3780418723751797,0.41638055
0.4525363835864595,0.48632503
0.5217911337020286,0.45103642
0.5349014157468073,0.37629804
0.5715711708063339,0.3764137
0.5257734796608771,0.42589623
0.46729139978094386,0.43250483
0.5298376730911254,0.46135074
0.42071423243795036,0.45091367
0.5509581900204146,0.40241536
0.5482378562111689,0.40385342
0.49536754417023715,0.43617532
0.5267515163584492,0.45126763
0.5244807412149884,0.4519884
0.49209974901582176,0.45364857
0.5389650062906236,0.45209435
0.5319494226882561,0.48282877
0.4932024776921995,0.44017726
0.49856413938555305,0.4527329
0.5311333511847249,0.39537767
0.4568598353514213,0.4134508
0.5727217081231342,0.45033506
0.48932776132780054,0.41787472
0.5055734843247641,0.4836096
0.46251360836726885,0.42804983
0.6079947771780169,0.51692677
0.48365048336350036,0.46093872
0.5524176578044484,0.49767026
0.523016401073198,0.43116277
0.5173424656011554,0.4417212
0.551299235364159,0.456953
0.5117673268725911,0.40551633
0.4346929680609335,0.49208334
0.5081662896448217,0.4487851
0.5596297873943622,0.43748835
0.5438099422910267,0.4127592
0.570005021471402,0.40087605
0.5386266670693064,0.3817437
0.5311339684317,0.4497544
0.5067632388658647,0.467096
0.49433477288930566,0.45482215
0.5307685420916276,0.47730705
0.5025270312723382,0.44264498
0.4789151884526652,0.44102684
0.5069010371164666,0.48925838
0.5130551790178558,0.45240107
0.5126203427616371,0.4418547
0.5155231143406007,0.4431085
0.5098273837698689,0.45634952
0.47152129353760946,0.42892686
0.5028614065541058,0.42650962
0.49499027031785636,0.40376356
0.5700000255430223,0.3950684
0.5283654945850587,0.42242917
0.5236921014998581,0.44547537
0.4040062623064735,0.391143
0.4836158771367287,0.44171187
0.6161328275455491,0.40329665
0.4435770610386124,0.43695194
0.5499902947330035,0.4315183
0.47428289807431334,0.412808
0.52127307977426,0.4949805
0.5488330495777789,0.42580077
0.5518527236293851,0.46364594
0.4937803704456076,0.4382523
0.459087474911718,0.4226248
0.5587840806239615,0.4359829
0.5853969263627598,0.4127583
0.46223527354449073,0.4367154
0.5047764167189305,0.49920344
0.5764974578895159,0.50254333
0.49314813881160213,0.41431355
0.4853848959830546,0.3922842
0.563172523970945,0.41845378
0.4386941174592761,0.4043488
0.6058810778546762,0.47792977
0.5208694253530203,0.42565528
0.4758591042083782,0.43270934
0.4564544548256913,0.45198515
0.5725405229036585,0.4392799
0.4591847183120249,0.43820038
0.5308212420483429,0.4133371
0.5301782061810633,0.4286072
0.5397354643466024,0.4494524
0.5370734068023247,0.42551765
0.4999247752664059,0.4544306
0.4820922628587275,0.4410771
0.5728873411311982,0.45753428
0.502628248716765,0.46818528
0.5186091231177479,0.48397455
0.4920147304369588,0.46888837
0.540775673277573,0.4365879
0.47462634668556203,0.5108593
0.564429651846574,0.38147044
0.4640984451250772,0.4548014
0.5720081020719725,0.37498444
0.4697752009928321,0.4240097
0.484557872063363,0.4237322
0.5404505215142752,0.4427038
0.5801411500074958,0.3970193
0.45023874597451385,0.42049697
0.5844986756293559,0.4193835
0.5253832627630949,0.430379
0.4722311763448037,0.43538672
0.5001438920907643,0.43951878
0.5157176612162493,0.42351997
0.4952877700148536,0.4362716
0.5526315179789889,0.41880468
0.4561765652135932,0.4437504
0.5133954330181572,0.430266
0.5528256678016287,0.41778028
0.5031099194964851,0.44553408
0.48074077899997986,0.46568263
0.6209383003336624,0.3833045
0.46878237045499543,0.4589109
0.5560850606293803,0.44064015
0.48509265697367726,0.38861975
0.5178434892228316,0.4549911
0.46924718311969144,0.45265707
0.5599780748745051,0.46332157
0.5210341255497822,0.48574814
0.4924890657539475,0.43460444
0.5623167078335302,0.41468665
0.4963145100125496,0.43951106
0.5288126441115059,0.41035795
0.47180139268136334,0.43550882
0.4517670883565324,0.5234888
0.47941601828910274,0.44143015
0.6018286699827035,0.42866668
0.5800643809156709,0.4044974
0.5147591503554323,0.44866672
0.5281190831458672,0.45958656
0.45074298382131006,0.4511824
0.7018205399348288,0.48129004
0.3476065169446863,0.39585754
0.5205574357697415,0.46394342
0.4914433732557552,0.43251532
0.5374000023331388,0.39797315
0.5635589965988136,0.5050866
0.48322437356978315,0.37566498
0.5528026228461491,0.45775047
0.4477869753180535,0.4689591
0.5076334540614262,0.46623343
0.5189759588121475,0.47843108
0.510493091551862,0.40974495
0.5952228766622565,0.4668394
0.47837954013708356,0.45194384
0.4748298819024437,0.4748643
0.5014499739365385,0.50255734
0.5509003345310891,0.44057146
0.5117328546655219,0.41685936
0.5466504190913881,0.41168472
0.5484112789645027,0.501093
0.46313953699700394,0.4054057
0.47769977857676915,0.40821126
0.5312900107791869,0.4420853
0.505192274460109,0.4522188
0.5562086036447856,0.4349888
0.4645771838159448,0.43197137
0.504929270443798,0.43778715
0.57734573882006,0.41038647
0.499215647110874,0.481155
0.4756756734782609,0.49277157
0.5226694116209735,0.4249666
0.5876094513395326,0.43753234
0.49838618723216666,0.44114262
0.4542906819874234,0.40821373
0.5521933985682346,0.36473233
0.5086526945323345,0.4052845
0.5065532767010359,0.48462367
0.520101891209836,0.4362119
0.5084167468041204,0.40619025
0.48668410600540485,0.4620253
0.5340135776730376,0.40031278
0.5277088579568098,0.4045321
0.5386270908942415,0.42939427
0.44890215331499667,0.42762855
0.538813136191035,0.43105793
0.35538289374400955,0.40461922
0.5383962559104578,0.45125738
0.5263915374682685,0.45333704
0.6454667042779559,0.43040547
0.5594580009233415,0.43272242
0.5159095567163836,0.411178
0.5918943981336705,0.49884266
0.5426746232285522,0.47578052
0.40696115406876415,0.48754054
0.5628688921977868,0.4720326
0.5760308777022396,0.43073192
0.5162193756268907,0.4061145
0.42823190354304097,0.46512768
0.4773051083997203,0.47454152
0.5200887587972012,0.4900627
0.5218587345539345,0.42985526
0.5285524541375849,0.4625198
0.5445403692278529,0.40518296
0.4555422316632182,0.39560834
0.5553703124690436,0.41363916
0.49781048395617267,0.45495218
0.5720845568144567,0.45507756
0.47543362187755167,0.42316273
0.510534059344477,0.48539084
0.46926877150789126,0.40967265
0.5607464750736889,0.3924136
0.44996402212735626,0.45328555
0.6096521701975557,0.43475172
0.5327016878804005,0.43249807
0.4701946832255387,0.48290882
0.4003097357782942,0.45832208
0.6366685967068669,0.40833786
0.4762644151787893,0.45432314
0.5689142242902726,0.36144516
0.4688480426401113,0.46744922
0.5417848167472474,0.44606116
0.45945141219489577,0.40962556
0.6372952917574373,0.46171257
0.6257469473819471,0.49379626
0.35767798044053817,0.38030323
0.5002529029194529,0.48049253
0.5463266220581673,0.4198182
0.5549543835405258,0.40874976
0.5379232383862731,0.4374989
0.4749591980529219,0.45310402
0.5488646104654834,0.44591495
0.48606838777464717,0.42835343
0.5281533537498979,0.44897607
0.5214084177318294,0.4423964
0.5422960909155736,0.37812328
0.48734415555403066,0.50124896
0.48063402557483403,0.46098736
0.4688156553817677,0.4469997
0.5645395053025294,0.41254845
0.5156470188374647,0.44398183
0.5065928702496832,0.43401173
0.5270138509221199,0.3554938
0.5028581370817102,0.45430264
0.5162021472029544,0.45451954
0.5071553602756876,0.4474007
0.4876012105739862,0.4417561
0.5098422995494063,0.42126843
0.5199593247190009,0.47858265
0.5111399482816393,0.4589321
0.5515596669292093,0.44274375
0.49267860973368904,0.4967673
0.5400376974635475,0.44622406
0.437137098324131,0.43359068
0.5401940669621187,0.4540596
0.560973737415174,0.42578238
0.40136296114805114,0.41108367
0.6266165407627499,0.5194821
0.5444617482795213,0.4350273
0.47146997257687057,0.40705302
0.5266215759267777,0.43375763
0.5013099752926977,0.47167456
0.5390954427950232,0.46532324
0.5004281072904252,0.4093245
0.5054950284176657,0.49447915
0.5265838671003092,0.4299685
0.5365997702759799,0.43291643
0.49775958646364954,0.4592859
0.4854259882278463,0.43503445
0.590956162782265,0.4158648
0.45058321314226457,0.45183775
0.6265486989133675,0.46835482
0.4186618344889054,0.48139974
0.6289499100120775,0.4422684
0.5792476452525189,0.5024006
0.4456757482042601,0.44284618
0.4011621997367245,0.47547832
0.5205549256183492,0.48791364
0.5218637205657592,0.43809924
0.5180115136709724,0.42813572
0.5564784576784504,0.40444848
0.4498508880095626,0.42428908
0.5271048096237406,0.42083293
0.5440676113844422,0.47132644
0.5431832572110995,0.43725613
0.4772123858041987,0.4549794
0.4832338203860876,0.42955023
0.5250733390443187,0.44277295
0.5610671107901778,0.46321222
0.4716570670336036,0.46018526
0.52990127556946,0.43359435
0.5546273908269583,0.45506012
0.44114855084115856,0.40176514
0.5332116455879214,0.44131783
0.5058388905179296,0.45291075
0.5972019349601716,0.40581343
0.42207531867939385,0.47297993
0.5356825518729555,0.47761717
0.5065175462278653,0.4509689
0.5671903965422888,0.44273254
0.4534964108532965,0.4793543
0.5663452381600472,0.49426582
0.5182029758980685,0.49455
0.49291493661386393,0.45258126
0.6387401887163443,0.44928315
0.3944016394737525,0.45024344
0.47928890719657136,0.48110583
0.5122941250232104,0.5077733
0.4809749382991346,0.40951675
0.5682667307515937,0.44360402
0.4929301537889003,0.43565306
0.5704359137711789,0.43106654
0.4949516899738733,0.4435558
0.5314473095924872,0.4541537
0.526186389827221,0.48225796
0.5276546037995984,0.40197197
0.5853408611311295,0.49743167
0.4329064649771247,0.44289544
0.5236750489173848,0.4502636
0.48724095832060577,0.4589922
0.5448635591092306,0.44053844
0.4993548213737278,0.43656647
0.4958178638012002,0.43919766
0.5616424312173738,0.46193215
0.4752002761669684,0.4245418
0.5615083889643658,0.46397957
0.461241032355106,0.4479918
0.5964571293161958,0.43472105
0.452127584079417,0.44053668
0.5012648104666128,0.5034812
0.5232555281171309,0.48107502
0.5574955560129077,0.44536188
0.4919362042247914,0.412477
0.6455581020230714,0.43740666
0.479382125259333,0.4351283
0.5103258171859965,0.4449376
0.47989759753492756,0.4519138
0.46455423078991354,0.4939611
0.5832591931138933,0.44633275
0.4555012559837166,0.4229729
0.5024342948204891,0.45164087
0.4964802508537498,0.41497144
0.5600674630576669,0.43567857
0.49725135004949983,0.4142806
0.4729403687064114,0.46878514
0.5816361807404089,0.46464065
0.5230288353887881,0.49384677
0.48002708646152126,0.481994
0.46160795410995653,0.45186892
0.5196500995822043,0.43966916
0.5402195956049052,0.4793935
0.5218098162466647,0.4418279
0.47745992859745096,0.47456992
0.5595975965658797,0.4606066
0.5113971457237647,0.39341804
0.5001310014985728,0.48818168
0.6739774860699235,0.39474362
0.5277661979204376,0.3940377
0.40208048127948204,0.46206003
0.5053810755954097,0.47392812
0.48064309826299917,0.39855382
0.5607403524459003,0.4787201
0.5395731466068651,0.4019405
0.5026779885177062,0.41218278
0.5432257212479961,0.4392396
0.48957161343302225,0.4714231
0.4702946442504165,0.50602084
0.4671839452740131,0.42626628
0.5680278319519898,0.40692753
0.5069516889394698,0.45908818
0.5180618669655461,0.45712975
0.5601155614804446,0.44530615
0.49918078351239376,0.49176466
0.5099266829415764,0.45900288
0.552396890360839,0.4100453
0.44766972574880276,0.46365863
0.5164603544552299,0.4759953
0.5291878810698339,0.41673455
0.5638982012854992,0.44805518
0.4795412727264866,0.47625014
0.50236007826242,0.48536116
0.4836008855787925,0.43040794
0.5244483046293252,0.49702573
0.5370708804274441,0.41722217
0.5489546458222799,0.3732263
0.5097805110667749,0.43554732
0.5087191186059611,0.40533352
0.4717297738779127,0.48787603
0.5417960885913445,0.5102556
0.5078993677249483,0.42675623
0.5095735087829173,0.5128164
0.5425740419228148,0.4437682
0.46525508688314493,0.37523142
0.5431204237525497,0.4522998
0.46840814514612816,0.4755803
0.5404307409966688,0.4221642
0.5093599977583694,0.42729455
0.5252679020651638,0.4615327
0.5127059835861465,0.44250318
0.5510031063241894,0.46640715
0.505025658442805,0.42875102
0.49836399754776445,0.4551929
0.5337543605959021,0.4345161
0.5146026383007486,0.45967597
0.5927094065325365,0.4473832
0.4661538908813468,0.46058145
0.504134687241956,0.45965147
0.548378955048556,0.43494076
0.49558553692944407,0.41863212
0.5023601071681992,0.43440267
0.5000537116072354,0.4599178
0.5448236447644537,0.42439243
0.4419279020053011,0.43692204
0.5313297486666063,0.44812623
0.5553297191149079,0.44596168
0.4186361155029404,0.4301589
0.593941875452685,0.3964679
0.4847328997654526,0.4742866
0.5519790321301529,0.42888394
0.5205098559075592,0.4590932
0.4899557707543873,0.42226776
0.5287207900479487,0.44254377
0.5414174381885081,0.47020176
0.4800779068964754,0.46868896
0.5618208307974414,0.4939842
0.49359359061573005,0.41053155
0.5408512094381193,0.5143007
0.46890440614814666,0.4405701
0.4888317426621799,0.41706973
0.45894338639435944,0.40548828
0.6120467553736963,0.39262602
0.5131486056955323,0.40651706
0.4812678727176088,0.38796732
0.5433078546368981,0.43510127
0.5353637484541861,0.47951865
0.5627775400034886,0.49287888
0.4759994441825953,0.43798473
0.47505551940791485,0.47287023
0.5425108092098857,0.44892654
0.549275088674441,0.48042738
0.46359561141995764,0.4865738
0.5867341868909155,0.49096885
0.4391516627998461,0.37322655
0.5583091128886606,0.4491594
0.49835032790824596,0.37941894
0.5496725966125713,0.40632328
0.39007225850249305,0.43103194
0.5728098530074734,0.4869028
0.4946580144897871,0.4155316
0.5100510113709963,0.47621027
0.48852720814994666,0.41659993
0.6137094705478273,0.49510786
0.4813326305002007,0.41352218
0.4836996068177143,0.42520165
0.42363496974072207,0.43416017
0.6011640828731774,0.43056345
0.5108354737902825,0.3949116
0.5720774735598894,0.4170431
0.4861970743393619,0.40065172
0.4980169235278201,0.47686502
0.4515429730662878,0.4862727
0.658255702990809,0.421693
0.49358038806944826,0.4703206
0.6077221480364337,0.44551796
0.4828485606499525,0.47931394
0.5044915235669059,0.41933414
0.4306480450184225,0.4173623
0.47722025724030204,0.45229733
0.472657389456613,0.42114174
0.6006157463772769,0.42117715
0.5580870675212009,0.44813237
0.5173014441836181,0.37268376
0.5481335549960716,0.44868973
0.47098024180057046,0.40618274
0.5513417123471207,0.49137506
0.44907111187967547,0.42325333
0.6265202951445047,0.47516602
0.3703949879891119,0.38130435
0.5067441217981234,0.43132836
0.5522507188579064,0.40206608
0.5285128808240556,0.42081866
0.5842181317532626,0.43982068
0.512870704899246,0.4619552
0.50034541426488,0.4057481
0.5795766137026894,0.48811704
0.5474169647128992,0.44150072
0.4283121487534094,0.47508675
0.4843913810970426,0.42913112
0.46813113184547345,0.456509
0.5334997074846957,0.5138572
0.48041696317100324,0.40640143
0.5582768276244607,0.45621547
0.5814528807415242,0.40993735
0.5011302322181532,0.44121447
0.47532854878992414,0.4463319
0.5302759490689086,0.46419778
0.5320569761480707,0.3914094
0.5256999493230121,0.4669079
0.4521296562898539,0.44057974
0.5692643032386178,0.43434915
0.44989867771796593,0.41926876
0.5583673082156873,0.4862118
0.5409633263704992,0.40326673
0.5553035117753403,0.37804285
0.45154607962648563,0.45086485
0.4877138879589123,0.44319174
0.4861426750978692,0.4482691
0.5946686071971115,0.45208907
0.4692130112657518,0.43833786
0.46384475313446305,0.46959504
0.546184913089141,0.47071436
0.5859897281702441,0.40503725
0.5533547764222911,0.4834946
0.47072340677321245,0.41342112
0.5038496662462476,0.44686398
0.6397667549805234,0.43275306
0.42816966192697237,0.40045553
0.5066779697104573,0.43605503
0.49218593116186793,0.4323543
0.5821173865463879,0.44190904
0.45602348914393936,0.45818064
0.44561114375831296,0.4313763
0.5801503187250608,0.41201833
0.516237963159725,0.3984739
0.5332397247636759,0.46571743
0.5281129326334485,0.45035672
0.4744136085838935,0.40215325
0.5422952376800624,0.45162323
0.49686476063940405,0.46709993
0.5250773436851199,0.44829276
0.4596439895366368,0.4874458
0.6062080396061612,0.36791074
0.5131093786994365,0.47135004
0.5301662511979424,0.3640718
0.4951420350943774,0.47739038
0.4704761124745165,0.47025314
0.5415172802941036,0.44391635
0.49675183845383486,0.43018118
0.5532672324997606,0.46566132
0.5300559687937182,0.43635198
0.46933208013700567,0.4506515
0.4952387868801732,0.43029794
0.5384011161022357,0.3990604
0.509646635642511,0.40855908
0.51870208335844,0.47183004
0.5227169744515819,0.4303964
0.4533010875483545,0.48013577
0.5551693255629815,0.47182268
0.489298976095421,0.436356
0.4991166199673873,0.43908846
0.525632459418181,0.45286986
0.5786017014137532,0.4301319
0.5313944778602194,0.40356788
0.5087770434352666,0.43796688
0.4593686654166875,0.41561878
0.5026260186100444,0.4636512
0.5700354442386578,0.46781874
0.5205181319289699,0.4309605
0.46293834912731235,0.45581666
0.5658964731969006,0.42498267
0.43461878046918007,0.3987901
0.565220178293612,0.4565659
0.44838576323230567,0.41161555
0.5319228454269638,0.38424584
0.5858321543041786,0.4909245
0.46492055756990613,0.42740574
0.5492700631943092,0.4682003
0.47946102164342813,0.43690005
0.5493315369401854,0.467052
0.5049365877881055,0.43383273
0.4916870967538867,0.44835088
0.6460038211461776,0.46976748
0.5598004370039709,0.40590444
0.46890419035043246,0.4396219
0.5313115650767952,0.41497794
0.5897624378763432,0.3820154
0.3462146300120919,0.48377785
0.5303437264042967,0.46962786
0.509394434519911,0.48547924
0.5044879945922964,0.42312735
0.5043006295661226,0.3981928
0.5062932024681535,0.4610778
0.5337922713850476,0.46119055
0.4798256521049812,0.44514722
0.5042247121437452,0.43462387
0.6288371228092363,0.44952413
0.5180947464343817,0.36229047
0.4553668240719823,0.41893092
0.5660042053095852,0.46828336
0.47164317533388594,0.42938617
0.5422094330412891,0.46917364
0.482574976711739,0.47337183
0.5814908333644572,0.43776086
0.46185338534606235,0.38247022
0.4967872230862252,0.42424002
0.575790605941966,0.43967763
0.4589717004827495,0.4559132
0.5854908015231592,0.46939698
0.4625474441617594,0.44862697
0.5444242941472789,0.4530364
0.535074055879026,0.36814716
0.5596348255257403,0.43883467
0.3963282029141799,0.47124225
0.5819762515455219,0.45971546
0.5127962841156255,0.47312906
0.5114406371300242,0.41795433
0.48224920450430453,0.47743955
0.5351454620837431,0.47235775
0.5102616754736092,0.43556315
0.48572407835800163,0.41473863
0.5697940637333355,0.4858967
0.44999975722035096,0.43650773
0.48101411233363345,0.43998107
0.5247957913946534,0.51213217
0.5778798175543486,0.46648762
0.5271992743187965,0.43809378
0.423454215817294,0.46092516
0.4943334335351811,0.45255947
0.68801172003694,0.4589136
0.4668721927993939,0.34714952
0.5551137976852556,0.45498535
0.5788668837099014,0.4317284
0.4911211237616465,0.45546275
0.5236595777513173,0.47422278
0.4993057629213878,0.4613649
0.48220745812218857,0.4372842
0.49932839115210204,0.48948592
0.4629135849033894,0.45704266
0.5516731224980816,0.45519683
0.4800514325793705,0.39800018
0.5806181231354571,0.40805015
0.5144882106265505,0.44106147
0.4874910440502759,0.42820868
0.5136702623711653,0.4776702
0.5185478613157359,0.38970298
0.4898268460844718,0.4442978
0.48195377425771074,0.43729737
0.5072532673673313,0.4074451
0.5670841461415935,0.48723182
0.5017024334622401,0.39735624
0.42958627526586085,0.48259208
0.5336573015102247,0.5158726
0.4690330963519111,0.41177288
0.5990108308026969,0.4303272
0.47570914081348564,0.46784666
0.5670749466870741,0.43498847
0.525490068873172,0.47778067
0.4753093303182889,0.4465659
0.5980648132259279,0.39642534
0.49120432568462463,0.449437
0.5147888481098807,0.47072667
0.4637250057488149,0.4694798
0.5818325840709649,0.4353126
0.4326152275651775,0.45298788
0.5664082376002374,0.45487216
0.5046314017003157,0.45542273
0.4128294982814567,0.4822267
0.6272405349477821,0.43013412
0.5001940317206457,0.44170782
0.518830964782098,0.43853778
0.5618538619236981,0.47823045
0.5550128762675267,0.43693247
0.4866258357979312,0.5234427
0.4535965217051278,0.43397874
0.5179972061493036,0.4276716
0.5025724213565987,0.46843067
0.4444142091325842,0.3740364
0.5289648263112849,0.49649677
0.5714852987774393,0.41845307
0.46348196241415535,0.43227157
0.5208059743774129,0.4190364
0.6241398629672883,0.49482623
0.46408549343789113,0.3746449
0.5322445541293681,0.4345948
0.4815692226594072,0.48195574
0.5851022459991058,0.39012787
0.500992987057546,0.4517955
0.4817476457874434,0.46887776
0.509151247632327,0.42989826
0.6177694078758547,0.40785024
0.45615621242796706,0.44494867
0.4929074050528556,0.45535383
0.5488290737118018,0.46687466
0.5562747993229418,0.42129168
0.42047427473881344,0.485521
0.5863231970559849,0.45499504
0.49997070419798995,0.43953314
0.47183431224994926,0.42120907
0.4967008643518152,0.44163963
0.5486645057941024,0.4689226
0.47425944137925896,0.43650037
0.5787389605265058,0.42881906
0.5251763176119946,0.413235
0.46367496305560213,0.47573152
0.5701040163254075,0.4676084
0.49639891952200693,0.442471
0.4894025887648047,0.41697952
0.4823644483082973,0.47946468
0.6195474384613423,0.47912392
0.5458470540390333,0.38666973
0.41952163776873913,0.41150257
0.5207338429918468,0.47675416
0.4775233039679655,0.49636936
0.5557957985205524,0.43221638
0.6229475455636674,0.45891598
0.38538576294583415,0.43482706
0.5825668321339155,0.47734684
0.4950635186240299,0.4355937
0.48618799127684936,0.4795641
0.5226240248935892,0.43897328
0.44474674275649184,0.44659287
0.540746270772509,0.42829853
0.5423639003517493,0.4370806
0.5192914490304776,0.38241017
0.523006551533905,0.46210364
0.5238098956914488,0.38468036
0.5453929999064691,0.4207115
0.48955950106918006,0.49688566
0.4714821720167026,0.43999904
0.5618304580225921,0.39713046
0.5312686377210499,0.46686813
0.49527197981237425,0.4554246
0.5350751063955128,0.38330555
0.5464482619669511,0.4713796
0.5054267252638115,0.44109654
0.5495354737727721,0.43793944
0.4567193440964061,0.42395046
0.5574318356165738,0.43779674
0.4516087340359276,0.37933272
0.5462808445320846,0.47312355
0.49732002266334524,0.42542705
0.5087794015446689,0.44866103
0.5340841752430517,0.4207348
0.5270395090371699,0.4085711
0.4263505367002638,0.39397344
0.5408432425892317,0.3922415
0.5187578852932517,0.46283552
0.5455451920405143,0.43795285
0.5427110057167189,0.44001502
0.5151924249361675,0.47788286
0.40595393034930805,0.454
0.5357667233255389,0.4222795
0.5712095763713664,0.44034493
0.5127107236693214,0.40803435
0.5056754675562632,0.37592044
0.5130368783072056,0.4114359
0.5791291767389289,0.43556315
0.44972231529595946,0.44179365
0.5405528734877202,0.51820284
0.5098278158741142,0.4727171
0.5467809038572997,0.4544904
0.45916047481343514,0.4437391
0.5527740987970334,0.4776447
0.5272569222670891,0.43779242
0.47638191170650657,0.39544323
0.5257866025300423,0.45995706
0.491908999307933,0.5064222
0.5187161776532407,0.43390426
0.562529436365862,0.4735759
0.4625656284914814,0.4765291
0.5387791176028165,0.44850194
0.5054107278233884,0.42581174
0.5598610066345989,0.41370815
0.49179759143790364,0.41839215
0.5100052692881925,0.4832976
0.5274283547816012,0.5236885
0.5243139341830921,0.4578689
0.6306925827194241,0.39571008
0.4670200203767987,0.4050657
0.5006973057334403,0.4705643
0.48211436722798984,0.4335367
0.5330223223298769,0.46089998
0.4975713048470963,0.44539368
0.5074663619760653,0.412807
0.49684910800011306,0.4348751
0.5147958462199091,0.46418855
0.4942541976288165,0.46116334
0.48905908121002145,0.4527751
0.468299667543204,0.48561
0.5519088723949065,0.41894802
0.613856921019597,0.47601667
0.4959408426213529,0.40964285
0.49229070615239123,0.47858188
0.45846495147589,0.4426641
0.5358305837839487,0.4889119
0.4211190468995919,0.4690319
0.5284632742925867,0.42235178
0.4814301229969944,0.426525
0.4701468492358704,0.3964717
0.6576622929947957,0.4350863
0.5525569853285913,0.42413992
0.5580030733208621,0.4516721
0.44501417282066885,0.43953905
0.5886815118002956,0.449933
0.5070389417314655,0.4119848
0.5291160470039236,0.44818935
0.492039208791131,0.45525762
0.5323821317844973,0.4851204
0.5196717539297607,0.44405532
0.5920690753532882,0.50548357
0.46630052959927143,0.39895305
0.5166718303372755,0.4387539
0.5236693593727195,0.38243982
0.541165142347672,0.44554433
0.47959354774968876,0.42521644
0.4584118684980768,0.40731472
0.5563921490256643,0.46972802
0.5133221776557371,0.45015112
0.48095495943961264,0.47269276
0.5221835395620231,0.47163084
0.5358380274668846,0.45554397
0.5558840462066235,0.41198596
0.4924117676567532,0.45659962
0.524836691377481,0.40324783
0.47634427765867826,0.4439649
0.5395740489516682,0.43990973
0.5722996711283519,0.4410953
0.43372563488014443,0.3962509
0.5135035477271428,0.45015427
0.5634961643662628,0.4045553
0.5117200445415985,0.42058668
0.4589831535151084,0.4231019
0.5538285234076061,0.47859928
0.4910010377060409,0.4371917
0.5483063694067309,0.42160103
0.50736767837285,0.46910366
0.4747740769792276,0.45732507
0.5061982839753777,0.4447786
0.5239460720517801,0.4980255
0.5303352957510787,0.4116098
0.4787182748275997,0.4575309
0.5738672785789883,0.38372335
0.4840330292362096,0.44702557
0.5103379729803614,0.46272132
0.5583800545434174,0.39786783
0.44977931142257427,0.48199898
0.5460194225476868,0.4304338
0.5106730141159939,0.43449703
0.5362702921111305,0.43791756
0.49820765538901396,0.39703354
0.5178944628323657,0.43160483
0.4831422318752356,0.4672562
0.5500783671657353,0.4275767
0.5288889624336879,0.4226627
0.5020409922720793,0.48297238
0.5071153767646313,0.4037472
0.5420542073115326,0.4465022
0.5506819635654644,0.39299974
0.4627938243806363,0.44637978
0.5326579923058951,0.36046588
0.47827173834002407,0.4347572
0.5411348201890369,0.46996504
0.4417230124036337,0.4317105
0.60068071359677,0.4153207
0.4899130246683747,0.4313682
0.5478546550131889,0.4118403
0.48276733148796913,0.46877092
0.514910640244973,0.46720684
0.49958389563432903,0.42284408
0.5511355904996765,0.39934275
0.4787961941659497,0.42382693
0.5512281538586601,0.5041358
0.4763056009039487,0.35518435
0.5939976776455702,0.4295831
0.5038705504700334,0.4098249
0.4825910077714109,0.37818888
0.5032815663178652,0.46182045
0.5400774557526308,0.4625764
0.4947248127291271,0.44831634
0.5458630785918086,0.40064326
0.5023276157843313,0.4576495
0.4727913298967148,0.39160702
0.7002224995985649,0.4819755
0.3777400535594958,0.40422276
0.5482015323780962,0.4628087
0.4816524389769433,0.4185175
0.5424135319726606,0.50353533
0.4628274872883843,0.39932254
0.49251626690502254,0.42820355
0.5133893054025557,0.50004274
0.5728529911151224,0.46637657
0.4573433947713239,0.45355394
0.5831158709519957,0.45166
0.4837283920984278,0.41137406
0.5281638952873132,0.45399174
0.5079587368649038,0.46546862
0.48414931054554716,0.39605358
0.5192647408526813,0.4441784
0.5629224634510838,0.4039193
0.4983795300796518,0.42745134
0.5388139858645565,0.40978232
0.4488151605178495,0.4448339
0.5943683211481143,0.49875432
0.4971425430018597,0.46446857
0.4988556027363602,0.4304171
0.48195613949479543,0.43850157
0.5469031582507506,0.42344254
0.4700031661046203,0.45259637
0.5533578349764319,0.3885415
0.4982603834226965,0.46123686
0.554609725727915,0.41153273
0.494875362499943,0.40511498
0.5472173365517873,0.46528322
0.5036541556033001,0.48867175
0.4643545295159509,0.446103
0.4308310943377865,0.43287766
0.6265294145067078,0.47313663
0.4405052990462416,0.45937428
0.6614262002347615,0.46855712
0.5251702056375084,0.43629953
0.5749316833877914,0.43815675
0.468502166170627,0.4746695
0.5822512401760306,0.44564188
0.44348461929161376,0.4977393
0.3944258347529536,0.41293496
0.5450160956407971,0.45387182
0.5018465880577264,0.43263295
0.5657185899936166,0.37868872
0.5384642394751802,0.42945388
0.4961084561770333,0.4058446
0.4967017683828811,0.4679924
0.5277856862599479,0.4322301
0.45169983939208214,0.41014335
0.5662007348040592,0.43965423
0.47680506886030644,0.40442047
0.5571636032022987,0.4820249
0.5055867871042732,0.4047214
0.5055124216427839,0.45244244
0.5452507495119662,0.47769207
0.49648536756713485,0.5329102
0.5360711510711857,0.40829495
0.5036822744197313,0.43480846
0.4664288114712254,0.4350252
0.5617162753116722,0.41146636
0.5261929179874414,0.43948904
0.506420794012327,0.42807034
0.5236138679972301,0.44709587
0.5374443451394169,0.46791968
0.4886111336416161,0.47080138
0.5262059249342456,0.47232053
0.4157832521530409,0.47651044
0.6469578227877726,0.46641138
0.40823930589029506,0.39631483
0.5756998558796591,0.47907603
0.5166673848401393,0.39547104
0.5502924021485728,0.42793345
0.48255986979708404,0.4996094
0.546548248092865,0.4275606
0.5222306769263226,0.4650868
0.4751477946805296,0.47774372
0.48658127702892356,0.45000094
0.5244466084290752,0.43423393
0.504307028085862,0.4345037
0.5086185859138402,0.49262276
0.615888093929478,0.46450695
0.4617911118736514,0.4378933
0.48755937497334617,0.44598535
0.5431660990930876,0.48304516
0.5372582769032108,0.45991537
0.5152816896260562,0.40090537
0.4586219514652289,0.4112387
0.5625636169841465,0.49648747
0.47541159684839485,0.43876395
0.5268173297709517,0.47141913
0.49499322595670886,0.46261325
0.5336687227809215,0.40810323
0.5382228662679971,0.44170898
0.48944653114360287,0.43810508
0.5721452501249167,0.4600903
0.48843162515900923,0.42328617
0.5204053889281477,0.4755095
0.48180391726063615,0.41658053
0.5163324913903962,0.42761445
0.5485348170021249,0.40653726
0.4971328087821712,0.44302323
0.5396734335257523,0.41840369
0.4879489691701803,0.44752276
0.5135486453633297,0.45454833
0.5457450086951132,0.45539066
0.4760960390199254,0.48944828
0.48529522768095973,0.4799241
0.5909004315388782,0.4409121
0.4532152295295354,0.43328065
0.5654309388777865,0.44421962
0.47796416012957027,0.4504338
0.5171978860004312,0.3992428
0.5465819937505898,0.43051392
0.5193193775551099,0.4127821
0.536276988178832,0.44766125
0.4575934582502907,0.42231312
0.5683526041803355,0.3822718
0.4721129099012349,0.5116459
0.5117203250772083,0.44771054
0.565321401111942,0.4196524
0.4865893525692407,0.49702558
0.53653085712023,0.45403877
0.47710086681856884,0.43089086
0.5736053074364604,0.49987683
0.4367924717809445,0.41894302
0.5740998768758611,0.46750256
0.5021199180716228,0.459529
0.528219205444314,0.40449253
0.48359843101858635,0.4425929
0.5089472346889878,0.45046967
0.5604638420368128,0.44825098
0.4945543853296679,0.40094468
0.5273447122750136,0.43039265
0.49571171016226734,0.43534097
0.5932936373721748,0.43000922
0.4400212732502044,0.39362577
0.5426780791704545,0.46566173
0.5325736641465278,0.43743742
0.47235296511552866,0.45436326
0.5851647321582705,0.47700468
0.4555006157739332,0.47107968
0.4657861178980856,0.5307684
0.5454575485893162,0.4334524
0.5667566577143334,0.40733886
0.48876528821767945,0.46907696
0.528927728703553,0.48055214
0.4868150264964003,0.426742
0.4841845319267108,0.44459727
0.5430909398847491,0.41902965
0.5613000198504688,0.461574
0.35630999356051707,0.46159872
0.48135139429852025,0.43236238
0.5226995290351028,0.4771138
0.5832835085413318,0.45172715
0.43837848107757205,0.41416025
0.6049338997802829,0.44279784
0.5584198539884077,0.47247916
0.4888796647455404,0.39624882
0.5740876580216054,0.4732956
0.5268927041710512,0.4647843
0.49778151924970104,0.4256781
0.5016345522909859,0.44696912
0.5571288780038801,0.43091643
0.5259967958441558,0.41085255
0.45871210704553034,0.51133764
0.5338354832762653,0.44760892
0.5308190504031992,0.44094935
0.5360921101196627,0.40080854
0.42944979009990275,0.4470187
0.6060958925965277,0.41621867
0.4716103237489691,0.47082844
0.5126858136534221,0.44541892
0.5584101087939116,0.47819665
0.4764475887106375,0.4256551
0.537598764887842,0.47616434
0.512985979822442,0.4192094
0.5217666007312319,0.42836902
0.5244882439672593,0.45853004
0.5775132779143545,0.41550422
0.43039239693348585,0.45920545
0.500023294473609,0.50179696
0.5342800132785844,0.43967345
0.5149588682785582,0.45189258
0.5244294507174174,0.45222652
0.5702353831453719,0.47376433
0.4918649800226945,0.4124146
0.5382048771642449,0.4309818
0.5045430947854818,0.4471952
0.4556337203329757,0.46923494
0.5609311608521602,0.39801764
0.4646508339561055,0.41261235
0.5213593056234245,0.43874064
0.49196654390133304,0.49853483
0.5727292246525425,0.39678174
0.5419063758192325,0.43130538
0.6148286990179197,0.40848324
0.3839926282038195,0.41917738
0.5417520645167431,0.48481068
0.4595561834242286,0.44300303
0.5554872602399614,0.44122806
0.5218699320497233,0.4461418
0.49065354670278266,0.43140432
0.490533517845489,0.45887777
0.4832345165400585,0.42850977
0.6032053968838677,0.46945736
0.5083513605173805,0.43033835
0.442791879517836,0.40548217
0.6178029410999815,0.48666382
0.47975884771472466,0.46837145
0.46456843416570814,0.449748
0.5706640157639591,0.4248406
0.5440423015961423,0.474323
0.47973297065368287,0.3998086
0.5682781184356612,0.37743828
0.5781933956557255,0.47901216
0.4752633313113477,0.4087924
0.46789626781775046,0.45305043
0.5652611178352053,0.47770402
0.5177641612875908,0.45668134
0.4663277145547977,0.4070169
0.5389909918996252,0.48038998
0.542017869943439,0.4842055
0.5232217144290205,0.45377162
0.4620799594335253,0.41204134
0.44597887343676784,0.4175292
0.5863142642757948,0.46390384
0.5282982008454502,0.41859454
0.5330431693775914,0.39198926
0.4620090599098553,0.4285951
0.5679756125257859,0.40368187
0.4686633833406758,0.46100417
0.5152457537463397,0.46029246
0.5957595640973443,0.44851592
0.5255099592843564,0.4375409
0.43397896441538814,0.45673817
0.5515405955317458,0.43052983
0.41042562219815504,0.43621978
0.5395783494734052,0.46283886
0.5327875400220943,0.39634895
0.5568328069405344,0.40608177
0.44765253697133406,0.4342846
0.5051085067511558,0.4117308
0.5130253611267112,0.46140006
0.5430668738636355,0.4385476
0.5060794675165542,0.41145217
0.5064963178874478,0.46201155
0.3921932734415041,0.47806785
0.5524993741444748,0.46411335
0.5789530051163964,0.4186948
0.5806928804078567,0.4499163
0.47968220549195384,0.513215
0.485995494998599,0.48994672
0.5164311085466261,0.47526422
0.5592952381119297,0.4057204
0.49129500029174134,0.45978633
0.491656675251193,0.49006733
0.5411580066988035,0.37950402
0.5617134687171802,0.50914043
0.46602389498447927,0.4483178
0.5281100440627726,0.37330267
0.5083734453889716,0.48180422
0.5489715547056693,0.47344452
0.5085531306899848,0.48069116
0.4945191328943101,0.39234176
0.5054393700321721,0.37664026
0.5757235781415087,0.4540936
0.4677250059881115,0.4023712
0.5323440530764357,0.43057737
0.4736549157709986,0.46458668
0.540768121049002,0.46066967
0.5340644175537521,0.44594744
0.4260906772492855,0.3988206
0.541751783530741,0.45252123
0.4343441273652604,0.42551693
0.5195154002919232,0.41926354
0.6100455644459456,0.43488
0.5156733973793466,0.41376778
0.5587867223272858,0.48577198
0.5390960491473222,0.4115091
0.5055797021108249,0.38180742
0.5015567488093183,0.45622984
0.5159908239103944,0.40705243
0.5313028761342944,0.51224124
0.49097020521792173,0.40533325
0.4948514607246436,0.4428146
0.5272630180192176,0.47257808
0.507782327277111,0.46271464
0.5566204572095069,0.41872165
0.4896171780257105,0.42427257
0.5226699856620808,0.4540903
0.5099763109673161,0.455229
0.47822590369557144,0.42953828
0.514387873531653,0.45918825
0.4905905689809371,0.47062698
0.5856802370359308,0.42673424
0.43332053485585575,0.42313075
0.4592728958497314,0.43601358
0.7667387785506914,0.4290924
0.5004259761612194,0.44357863
0.48790060643583916,0.4333641
0.525514409819395,0.43183073
0.470296534246365,0.44696036
0.5530294058826305,0.44657063
0.49456167016596375,0.4410607
0.5060584825401924,0.46704674
0.5446344481688677,0.42719123
0.517411864392566,0.42939505
0.5498888739498792,0.41809386
0.5506370876739259,0.3551067
0.3623096300803571,0.46947625
0.6130343558671631,0.45940092
0.49665063404367776,0.3836293
0.4551913140869681,0.49094555
